Lat,Lon,Importancia,Acidente,Teatro_Maritimo,Lat_original,Lon_original
35.5,-28.533333333333335,5.0,0,Açores,35.5,-28.533333333333335
40.96783333333333,-8.867833333333333,8.0,1,Continente,40.96783333333333,-8.867833333333333
40.645,-8.772,5.0,0,Continente,40.675,-8.058333333333334
41.0,-9.3,8.0,1,Continente,41.0,-9.3
40.636833333333335,-9.034666666666666,5.0,0,Continente,40.636833333333335,-9.034666666666666
41.56766666666667,-9.087,8.0,1,Continente,41.56766666666667,-9.087
41.56766666666667,-9.087,8.0,1,Continente,41.56766666666667,-9.087
32.643033333333335,-16.904583333333335,10.0,1,Madeira,32.643033333333335,-16.904583333333335
37.01951105008814,-8.808969014185845,5.0,0,Continente,37.056,-8.8095
41.68481615810437,-8.868193889376448,5.0,0,Continente,41.688833333333335,-8.819666666666667
41.03366666666667,-8.914166666666667,10.0,1,Continente,41.03366666666667,-8.914166666666667
38.03108277409407,-8.970126132613723,8.0,1,Continente,38.13616666666667,-8.792
38.03108277409407,-8.970126132613723,8.0,1,Continente,38.13616666666667,-8.792
40.166666666666664,-9.0,5.0,0,Continente,40.166666666666664,-9.0
40.6405,-8.788333333333334,8.0,1,Continente,40.6405,-8.788333333333334
39.3309,-9.4146,5.0,0,Continente,39.3309,-9.4146
39.34208815245743,-9.444509494153161,5.0,0,Continente,39.341166666666666,-9.403666666666666
36.96961666666667,-7.866266666666666,10.0,1,Continente,36.96961666666667,-7.866266666666666
40.7199218934615,-8.78152046160008,8.0,1,Continente,40.722,-8.730166666666667
40.0,-9.0,10.0,1,Continente,40.0,-9.0
40.62696666666667,-8.792366666666666,5.0,0,Continente,40.62696666666667,-8.792366666666666
41.73383333333334,-9.0025,10.0,1,Continente,41.73383333333334,-9.0025
41.16623333333333,-9.128633333333333,5.0,0,Continente,41.16623333333333,-9.128633333333333
37.297654561655804,-8.980431921010089,10.0,1,Continente,37.29066666666667,-8.872666666666667
36.967,-11.4505,8.0,1,Continente,36.967,-11.4505
38.559266666666666,-28.448183333333333,8.0,1,Açores,38.559266666666666,-28.448183333333333
37.720333333333336,-9.155833333333334,5.0,1,Continente,37.720333333333336,-9.155833333333334
37.720333333333336,-9.155833333333334,5.0,1,Continente,37.720333333333336,-9.155833333333334
41.08468333333333,-8.774033333333334,8.0,1,Continente,41.08468333333333,-8.774033333333334
37.500166666666665,-9.7845,8.0,1,Continente,37.500166666666665,-9.7845
40.78,-9.195,5.0,1,Continente,40.78,-9.195
40.78,-9.195,5.0,1,Continente,40.78,-9.195
39.35883333333334,-9.554333333333334,5.0,0,Continente,39.35883333333334,-9.554333333333334
37.05915477531746,-8.476077366278096,10.0,1,Continente,37.092166666666664,-8.476166666666666
41.647216666666665,-8.860466666666667,5.0,0,Continente,41.647216666666665,-8.860466666666667
39.4419,-9.357883333333334,5.0,0,Continente,39.4419,-9.357883333333334
32.72725,-16.653616666666668,5.0,0,Madeira,32.72725,-16.653616666666668
38.601166666666664,-9.4005,10.0,1,Continente,38.601166666666664,-9.4005
38.24583333333333,-9.462333333333333,5.0,0,Continente,38.24583333333333,-9.462333333333333
38.808166666666665,-27.101166666666668,8.0,1,Açores,38.808166666666665,-27.101166666666668
40.61666666666667,-8.766666666666667,5.0,0,Continente,40.61666666666667,-8.766666666666667
40.525,-9.079166666666667,10.0,1,Continente,40.525,-9.079166666666667
36.75416666666667,-7.942833333333334,8.0,1,Continente,36.75416666666667,-7.942833333333334
36.75416666666667,-7.942833333333334,8.0,1,Continente,36.75416666666667,-7.942833333333334
31.639666666666667,-17.268666666666668,8.0,1,Madeira,31.639666666666667,-17.268666666666668
39.318,-10.505,8.0,1,Continente,39.318,-10.505
39.318,-10.505,8.0,1,Continente,39.318,-10.505
39.07131955980188,-9.487213033029512,5.0,0,Continente,39.0,-9.0
32.64233333333333,-16.898333333333333,5.0,0,Madeira,32.64233333333333,-16.898333333333333
37.0032,-8.948416666666667,8.0,1,Continente,37.0032,-8.948416666666667
41.38333333333333,-8.816666666666666,5.0,0,Continente,41.38333333333333,-8.816666666666666
41.63719379936542,-8.85405149193276,5.0,0,Continente,41.6675,-8.717
38.348152094063224,-9.202919947057312,8.0,1,Continente,38.44733333333333,-9.032833333333333
40.90833333333333,-9.225,10.0,1,Continente,40.90833333333333,-9.225
40.90833333333333,-9.225,10.0,1,Continente,40.90833333333333,-9.225
40.90833333333333,-9.225,10.0,1,Continente,40.90833333333333,-9.225
37.990883333333336,-8.921933333333333,5.0,0,Continente,37.990883333333336,-8.921933333333333
40.142,-8.921,5.0,0,Continente,40.142,-8.921
39.81666666666667,-9.333333333333334,8.0,1,Continente,39.81666666666667,-9.333333333333334
39.81666666666667,-9.333333333333334,8.0,1,Continente,39.81666666666667,-9.333333333333334
41.755,-10.118333333333334,5.0,0,Continente,41.755,-10.118333333333334
40.868,-8.974,5.0,0,Continente,40.868,-8.974
38.888333333333335,-27.431666666666665,5.0,0,Açores,38.888333333333335,-27.431666666666665
39.635666666666665,-9.423333333333334,8.0,1,Continente,39.635666666666665,-9.423333333333334
37.69566666666667,-9.131666666666666,10.0,1,Continente,37.69566666666667,-9.131666666666666
39.38,-31.166666666666668,5.0,0,Açores,39.38,-31.166666666666668
39.419225011973936,-9.356839283756413,10.0,1,Continente,39.416666666666664,-9.32
40.75,-8.914666666666667,10.0,1,Continente,40.75,-8.914666666666667
40.75,-8.914666666666667,10.0,1,Continente,40.75,-8.914666666666667
40.75,-8.914666666666667,10.0,1,Continente,40.75,-8.914666666666667
39.599,-9.111666666666666,8.0,1,Continente,39.599,-9.111666666666666
38.266666666666666,-9.866666666666667,4.0,0,Continente,38.266666666666666,-9.866666666666667
38.266666666666666,-9.866666666666667,4.0,0,Continente,38.266666666666666,-9.866666666666667
36.70783333333333,-8.871166666666667,4.0,0,Continente,36.70783333333333,-8.871166666666667
37.06037958242699,-8.50334544034804,8.0,1,Continente,37.12533333333333,-8.502
38.9875,-9.769333333333334,5.0,0,Continente,38.9875,-9.769333333333334
38.9875,-9.769333333333334,5.0,0,Continente,38.9875,-9.769333333333334
37.03333333333333,-9.233333333333333,5.0,0,Continente,37.03333333333333,-9.233333333333333
37.55785,-25.55985,8.0,1,Açores,37.55785,-25.55985
37.55785,-25.55985,8.0,1,Açores,37.55785,-25.55985
39.835,-10.111666666666666,5.0,0,Continente,39.835,-10.111666666666666
38.653333333333336,-27.261666666666667,10.0,1,Açores,38.653333333333336,-27.261666666666667
39.888333333333335,-9.395,8.0,1,Continente,39.888333333333335,-9.395
37.0771,-8.669583333333334,8.0,1,Continente,37.0771,-8.669583333333334
37.0771,-8.669583333333334,8.0,1,Continente,37.0771,-8.669583333333334
36.35,-23.65,5.0,0,Açores,36.35,-23.65
37.053333333333335,-8.491666666666667,5.0,0,Continente,37.053333333333335,-8.491666666666667
38.016666666666666,-9.906666666666666,5.0,0,Continente,38.016666666666666,-9.906666666666666
38.563116666666666,-9.596516666666666,8.0,1,Continente,38.563116666666666,-9.596516666666666
30.038166666666665,-14.5865,8.0,1,Madeira,30.038166666666665,-14.5865
30.038166666666665,-14.5865,8.0,1,Madeira,30.038166666666665,-14.5865
40.876666666666665,-8.81,10.0,1,Continente,40.876666666666665,-8.81
36.75333333333333,-8.223666666666666,4.0,0,Continente,36.75333333333333,-8.223666666666666
38.60333333333333,-9.546666666666667,5.0,0,Continente,38.60333333333333,-9.546666666666667
36.935,-7.936833333333333,8.0,1,Continente,36.935,-7.936833333333333
41.38166666666667,-9.251666666666667,8.0,1,Continente,41.38166666666667,-9.251666666666667
36.884566666666665,-9.738,4.0,0,Continente,36.884566666666665,-9.738
41.03333333333333,-10.066666666666666,4.0,0,Continente,41.03333333333333,-10.066666666666666
39.625,-9.276666666666667,5.0,0,Continente,39.625,-9.276666666666667
37.0855,-8.421333333333333,8.0,1,Continente,37.0855,-8.421333333333333
37.01833333333333,-9.458333333333334,4.0,0,Continente,37.01833333333333,-9.458333333333334
41.1552470542511,-8.747158440548944,10.0,1,Continente,41.157066666666665,-8.703916666666666
41.1552470542511,-8.747158440548944,10.0,1,Continente,41.157066666666665,-8.703916666666666
36.587833333333336,-8.945,5.0,0,Continente,36.587833333333336,-8.945
41.21666666666667,-8.952166666666667,8.0,1,Continente,41.21666666666667,-8.952166666666667
41.21666666666667,-8.952166666666667,8.0,1,Continente,41.21666666666667,-8.952166666666667
36.304833333333335,-9.093166666666667,8.0,1,Continente,36.304833333333335,-9.093166666666667
36.482,-9.0,5.0,0,Continente,36.482,-9.0
37.90266666666667,-9.252666666666666,5.0,0,Continente,37.90266666666667,-9.252666666666666
40.03816666666667,-9.119666666666667,10.0,1,Continente,40.03816666666667,-9.119666666666667
40.66,-9.016666666666667,8.0,1,Continente,40.66,-9.016666666666667
37.9605,-8.8895,10.0,1,Continente,37.9605,-8.8895
37.9605,-8.8895,10.0,1,Continente,37.9605,-8.8895
39.42666666666667,-9.461666666666666,10.0,1,Continente,39.42666666666667,-9.461666666666666
39.0105,-9.781666666666666,4.0,0,Continente,39.0105,-9.781666666666666
41.57516666666667,-9.179166666666667,10.0,1,Continente,41.57516666666667,-9.179166666666667
38.1735,-9.787333333333333,4.0,0,Continente,38.1735,-9.787333333333333
38.508919571530825,-9.320274865829145,8.0,1,Continente,38.57333333333333,-9.196666666666667
39.595666666666666,-9.100333333333333,8.0,1,Continente,39.595666666666666,-9.100333333333333
39.595666666666666,-9.100333333333333,8.0,1,Continente,39.595666666666666,-9.100333333333333
38.266666666666666,-30.633333333333333,5.0,0,Açores,38.266666666666666,-30.633333333333333
39.02985,-9.76135,5.0,0,Continente,39.02985,-9.76135
40.154666666666664,-8.930833333333334,5.0,0,Continente,40.154666666666664,-8.930833333333334
40.405,-9.255,5.0,1,Continente,40.405,-9.255
40.405,-9.255,5.0,1,Continente,40.405,-9.255
35.63283333333333,-7.270333333333333,8.0,1,Continente,35.63283333333333,-7.270333333333333
38.623666666666665,-9.643333333333333,5.0,0,Continente,38.623666666666665,-9.643333333333333
37.82025438807663,-8.857750763667099,8.0,1,Continente,37.83083333333333,-8.797666666666666
37.82025438807663,-8.857750763667099,8.0,1,Continente,37.83083333333333,-8.797666666666666
39.823166666666665,-9.021666666666667,10.0,1,Continente,39.823166666666665,-9.021666666666667
36.63333333333333,-9.716666666666667,4.0,0,Continente,36.63333333333333,-9.716666666666667
37.083666666666666,-8.451166666666667,10.0,1,Continente,37.083666666666666,-8.451166666666667
32.60005,-16.782983333333334,8.0,1,Madeira,32.60005,-16.782983333333334
39.053016666666664,-27.950966666666666,8.0,1,Açores,39.053016666666664,-27.950966666666666
39.053016666666664,-27.950966666666666,8.0,1,Açores,39.053016666666664,-27.950966666666666
41.32633333333333,-8.765333333333333,5.0,0,Continente,41.32633333333333,-8.765333333333333
37.030833333333334,-9.243666666666666,4.0,0,Continente,37.030833333333334,-9.243666666666666
39.5,-9.705,4.0,0,Continente,39.5,-9.705
41.486666666666665,-9.018333333333333,5.0,0,Continente,41.486666666666665,-9.018333333333333
38.3156094541249,-9.179026984836803,10.0,1,Continente,38.41266666666667,-9.011833333333334
40.61333333333333,-8.781666666666666,8.0,1,Continente,40.61333333333333,-8.781666666666666
38.4,-12.733333333333333,5.0,0,Continente,38.4,-12.733333333333333
38.69166666666667,-9.721833333333333,5.0,0,Continente,38.69166666666667,-9.721833333333333
40.265,-9.083333333333334,5.0,0,Continente,40.265,-9.083333333333334
37.922783333333335,-9.224666666666666,10.0,1,Continente,37.922783333333335,-9.224666666666666
37.922783333333335,-9.224666666666666,10.0,1,Continente,37.922783333333335,-9.224666666666666
37.922783333333335,-9.224666666666666,10.0,1,Continente,37.922783333333335,-9.224666666666666
36.864,-7.792333333333334,10.0,1,Continente,36.864,-7.792333333333334
37.387166666666666,-9.819833333333333,5.0,0,Continente,37.387166666666666,-9.819833333333333
41.3475,-8.760833333333334,5.0,0,Continente,41.3475,-8.760833333333334
36.115,-9.846666666666666,5.0,0,Continente,36.115,-9.846666666666666
41.333333333333336,-8.833333333333334,4.0,0,Continente,41.333333333333336,-8.833333333333334
38.4885,-9.594333333333333,4.0,0,Continente,38.4885,-9.594333333333333
40.11,-8.89,8.0,1,Continente,40.11,-8.89
36.81068333333333,-8.977516666666666,4.0,0,Continente,36.81068333333333,-8.977516666666666
40.12833333333333,-8.9285,5.0,0,Continente,40.12833333333333,-8.9285
40.12833333333333,-8.9285,5.0,0,Continente,40.12833333333333,-8.9285
38.104695474171166,-9.024172929838087,5.0,0,Continente,38.17016666666667,-8.9
39.725,-9.463333333333333,8.0,1,Continente,39.725,-9.463333333333333
37.79266666666667,-8.938166666666667,5.0,0,Continente,37.79266666666667,-8.938166666666667
39.26996047497631,-9.45588491642488,8.0,1,Continente,39.266666666666666,-9.4
41.342333333333336,-10.195,4.0,0,Continente,41.342333333333336,-10.195
39.59316666666667,-30.938,5.0,0,Açores,39.59316666666667,-30.938
36.81166666666667,-8.836666666666666,8.0,1,Continente,36.81166666666667,-8.836666666666666
37.085166666666666,-8.438833333333333,8.0,1,Continente,37.085166666666666,-8.438833333333333
40.952,-9.346333333333334,10.0,1,Continente,40.952,-9.346333333333334
38.913383333333336,-9.760316666666666,4.0,0,Continente,38.913383333333336,-9.760316666666666
37.836666666666666,-8.886666666666667,8.0,1,Continente,37.836666666666666,-8.886666666666667
39.26,-9.951666666666666,5.0,0,Continente,39.26,-9.951666666666666
40.31333333333333,-8.975,5.0,0,Continente,40.31333333333333,-8.975
38.970166666666664,-9.7695,5.0,0,Continente,38.970166666666664,-9.7695
38.970166666666664,-9.7695,5.0,0,Continente,38.970166666666664,-9.7695
37.7695,-25.813833333333335,10.0,1,Açores,37.7695,-25.813833333333335
36.88333333333333,-9.286166666666666,8.0,1,Continente,36.88333333333333,-9.286166666666666
40.709,-9.7415,8.0,1,Continente,40.709,-9.7415
32.545,-17.154666666666667,8.0,1,Madeira,32.545,-17.154666666666667
37.049110053544545,-8.252450139438897,8.0,1,Continente,37.083,-8.2525
37.049110053544545,-8.252450139438897,8.0,1,Continente,37.083,-8.2525
39.151833333333336,-9.710333333333333,8.0,1,Continente,39.151833333333336,-9.710333333333333
37.0179,-9.113166666666666,5.0,0,Continente,37.0179,-9.113166666666666
37.09916666666667,-8.671666666666667,5.0,1,Continente,37.09916666666667,-8.671666666666667
40.31333333333333,-10.128333333333334,8.0,1,Continente,40.31333333333333,-10.128333333333334
37.015,-8.14,8.0,1,Continente,37.015,-8.14
37.49166666666667,-30.221666666666668,10.0,1,Açores,37.49166666666667,-30.221666666666668
37.49166666666667,-30.221666666666668,10.0,1,Açores,37.49166666666667,-30.221666666666668
37.49066666666667,-9.701666666666666,4.0,0,Continente,37.49066666666667,-9.701666666666666
40.89666666666667,-8.903333333333334,4.0,0,Continente,40.89666666666667,-8.903333333333334
37.07216666666667,-8.2545,8.0,1,Continente,37.07216666666667,-8.2545
37.07216666666667,-8.2545,8.0,1,Continente,37.07216666666667,-8.2545
37.54833333333333,-9.785,4.0,0,Continente,37.54833333333333,-9.785
36.712666666666664,-8.974833333333333,4.0,0,Continente,36.712666666666664,-8.974833333333333
37.08566666666667,-8.4425,8.0,1,Continente,37.08566666666667,-8.4425
38.68833333333333,-9.6,8.0,1,Continente,38.68833333333333,-9.6
40.919666666666664,-8.882666666666667,8.0,1,Continente,40.919666666666664,-8.882666666666667
36.67483333333333,-9.443166666666666,4.0,0,Continente,36.67483333333333,-9.443166666666666
40.27466666666667,-9.472666666666667,10.0,1,Continente,40.27466666666667,-9.472666666666667
40.27466666666667,-9.472666666666667,10.0,1,Continente,40.27466666666667,-9.472666666666667
37.086666666666666,-8.443333333333333,8.0,1,Continente,37.086666666666666,-8.443333333333333
37.62133333333333,-27.7195,8.0,1,Açores,37.62133333333333,-27.7195
40.807,-9.059166666666666,5.0,0,Continente,40.807,-9.059166666666666
37.73833333333333,-25.66,4.0,0,Açores,37.73833333333333,-25.66
37.060235052150155,-8.500127739974342,8.0,1,Continente,37.09845,-8.499983333333333
39.695,-9.193333333333333,8.0,1,Continente,39.695,-9.193333333333333
37.795,-8.996833333333333,8.0,1,Continente,37.795,-8.996833333333333
36.593333333333334,-8.568333333333333,4.0,0,Continente,36.593333333333334,-8.568333333333333
38.56333333333333,-28.263333333333332,8.0,1,Açores,38.56333333333333,-28.263333333333332
38.56333333333333,-28.263333333333332,8.0,1,Açores,38.56333333333333,-28.263333333333332
41.803333333333335,-9.125333333333334,4.0,0,Continente,41.803333333333335,-9.125333333333334
37.08716666666667,-8.4,10.0,1,Continente,37.08716666666667,-8.4
37.20045770155944,-8.98976606623855,10.0,1,Continente,37.2,-8.95
37.20045770155944,-8.98976606623855,10.0,1,Continente,37.2,-8.95
37.20045770155944,-8.98976606623855,10.0,1,Continente,37.2,-8.95
37.03333333333333,-25.308333333333334,5.0,0,Açores,37.03333333333333,-25.308333333333334
36.91166666666667,-7.9399999999999995,8.0,1,Continente,36.91166666666667,-7.9399999999999995
39.35,-9.688333333333333,5.0,0,Continente,39.35,-9.688333333333333
39.6243,-9.162783333333334,5.0,1,Continente,39.6243,-9.162783333333334
36.947833333333335,-7.9125,10.0,1,Continente,36.947833333333335,-7.9125
36.947833333333335,-7.9125,10.0,1,Continente,36.947833333333335,-7.9125
36.947833333333335,-7.9125,10.0,1,Continente,36.947833333333335,-7.9125
36.99268333333333,-8.936,5.0,0,Continente,36.99268333333333,-8.936
36.3075,-7.6395,8.0,1,Continente,36.3075,-7.6395
36.3075,-7.6395,8.0,1,Continente,36.3075,-7.6395
37.08716666666667,-8.404,8.0,1,Continente,37.08716666666667,-8.404
37.78666666666667,-9.095,8.0,1,Continente,37.78666666666667,-9.095
37.78666666666667,-9.095,8.0,1,Continente,37.78666666666667,-9.095
38.325833333333335,-9.3705,8.0,1,Continente,38.325833333333335,-9.3705
37.645,-25.336666666666666,4.0,0,Açores,37.645,-25.336666666666666
40.21666666666667,-9.486666666666666,10.0,1,Continente,40.21666666666667,-9.486666666666666
37.9895829691596,-8.9396567769211,4.0,1,Continente,38.00723333333333,-8.880616666666667
41.590333333333334,-8.905,5.0,1,Continente,41.590333333333334,-8.905
